Workbook

Sheet 데이터카테고리_마스터
A1: 측정지표 데이터 카테고리 마스터 (성균관대학교 기준 · 기존 + SKKU 확보가능 + 추가 제안)
A2: 범례: 흰색 = 기존 데이터셋 항목(성균관대 항목과 통합된 경우 포함) | 하늘색 = 성균관대 시스템에서 새로 확보 가능 | 연노랑 = 평가 품질을 위해 추가 제안
A4: No | B4: 대분류 | C4: 카테고리 | D4: 설명(포함되는 세부 측정지표) | E4: 데이터 형태 | F4: 수집 출처(시스템) | G4: 확보 구분 | H4: 관련 역량(마인드맵 기준) | I4: 비고
A5: 1 | B5: 학업·교과 | C5: 성적데이터(전공·학기별) | D5: 전공 평균성적, 학기별 성적 추이, 전체 평점 | E5: 수치 | F5: 학사시스템(성적) | G5: 기존 + SKKU 확보가능 | H5: 학업성취 / 직무전문성 | I5: [C] 전공별·학기별 성적 통합. 학기별 추이로 '성장' 지표 추가 가능 | J5: 학업·교과
A6: 2 | C6: 수업유형별 성적 | D6: 발표·토론 수업성적, 과제·보고서 평가점수 | E6: 수치·범주 | F6: 학사시스템(과목별 성적) + LMS(과제점수) | G6: 기존 | H6: 발표력 / 논리적사고 / 학업성취 | I6: 과목에 '발표형·토론형' 태그가 있어야 자동 분류 가능 | J6: 학업·교과
A7: 3 | C7: 수강과목·심화·융합 이수 | D7: 수강과목 내역, 심화전공·심화과목 이수, 복수·연계·융합전공 | E7: 범주 | F7: 학사시스템(수강내역) | G7: 기존 + SKKU 확보가능 | H7: 탐구력 / 종합적사고력(융합적 사고) / 직무전문성 | I7: 마인드맵의 '융합 전공'은 기존 데이터셋에 없음 → 수강내역에서 도출 | J7: 학업·교과
A8: 4 | C8: 공학인증 | D8: 공학교육인증 프로그램 이수 여부 | E8: 범주 | F8: 학사시스템 | G8: SKKU 확보가능 | H8: 직무전문성 | I8: 공학계열 한정 → 비대상 전공은 '해당 없음' 처리(불이익 방지) | J8: 학업·교과
A9: 5 | B9: 학습행동(LMS) | C9: LMS 학습데이터 | D9: 출석률, 과제기한준수율, 로그인주기, 퀴즈풀이횟수, 학습계획달성률 | E9: 수치 | F9: LMS(i-Campus) · 출석앱 | G9: 기존 | H9: 자기관리 / 성실성 | I9: 마인드맵 '퀴즈 생성 주기' vs 데이터 '퀴즈풀이횟수' 용어 통일 필요 | J9: 학습행동(LMS)
A10: 6 | C10: 교수면담·학업상담 | D10: 교수 면담 횟수, 학업상담 이력 | E10: 수치 | F10: 상담 기록 시스템 · LMS | G10: 기존 | H10: 성실성(수업참여도) / 소통능력 | I10: 기존 데이터셋에선 LMS 항목 안에 섞여 있어 분리 | J10: 학습행동(LMS)
A11: 7 | C11: 토론·게시판 참여 | D11: LMS 토론방 게시글·댓글 수, 질의응답 참여 | E11: 수치 | F11: LMS(i-Campus) | G11: 추가 제안 | H11: 소통능력 / 수업참여도 | I11: 교수 관심 '소통능력'의 정량 근거 보강 | J11: 학습행동(LMS)
A12: 8 | B12: 연구·학술 | C12: 학회·연구활동 | D12: 학부연구생/URP, 학회 활동, 연구실 인턴, 팀연구프로젝트 | E12: 범주·기간 | F12: 비교과·연구지원 시스템 | G12: 기존 + SKKU 확보가능 | H12: 탐구력 / 문제해결력 | I12: [B] 학회·연구 + [C] URP·팀연구프로젝트 통합 | J12: 연구·학술
A13: 9 | C13: 정보탐색 결과물(논문·보고서) | D13: 논문(게재·투고·작성 중), 보고서, 학술 발표자료 | E13: 범주·텍스트 | F13: 학생 등록(포트폴리오) | G13: 기존 | H13: 자원·정보기술활용(정보탐색) / 논리적사고 | I13: 게재 수준(학술지·학회·교내) 구분 기준 필요 | J13: 연구·학술
A14: 10 | C14: TA 활동 | D14: 교과목 조교(TA) 수행 이력, 기간 | E14: 범주·기간 | F14: 학사시스템 · 교수학습센터 | G14: SKKU 확보가능 | H14: 직무전문성 / 커뮤니케이션 / 책임감 | I14: 기존 데이터셋에 없는 신규 근거 | J14: 연구·학술
A15: 11 | B15: 실무·진로 | C15: 인턴·현장실습 | D15: 인턴십, 현장실습, 연구체험, 문제해결프로젝트 | E15: 범주·기간 | F15: 현장실습 지원 시스템 · 3품(인턴십) | G15: 기존 + SKKU 확보가능 | H15: 직무전문성 / 커뮤니케이션(협업) | I15: 기간(개월)과 직무 관련성을 함께 추출 | J15: 실무·진로
A16: 12 | C16: 아르바이트경험 | D16: 아르바이트 근무 이력, 기간 | E16: 텍스트·기간 | F16: 학생 등록(고용보험 자격이력 등) | G16: 기존 | H16: 커뮤니케이션 / 책임감 | I16: 증빙 신뢰도 낮음 → 기간 위주 정량화 권장 | J16: 실무·진로
A17: 13 | C17: 진로설계·취업상담 | D17: 진로·취업 상담 이력, 진로 목표 설정 기록 | E17: 텍스트·수치 | F17: 경력개발 · 상담 시스템 | G17: 추가 제안 | H17: 자기관리(계획 수립) / 직무전문성 | I17: '계획 수립 및 실행 능력'의 근거가 LMS 하나뿐인 공백 보완 | J17: 실무·진로
A18: 14 | B18: 창의·도전 | C18: 공모전 참가·수상 | D18: 각종 공모전·경진대회 참가 및 수상(등급·주관 수준) | E18: 범주 | F18: 비교과 시스템 · 3품(창의) | G18: 기존 + SKKU 확보가능 | H18: 창의 / 종합적사고력 / 문제해결력 / 도전정신 | I18: 수상 등급 × 주관 수준(교내·전국·국제) 매핑 필요 | J18: 창의·도전
A19: 15 | C19: 창업활동 | D19: 창업 교과목 이수, 창업 경진대회, 사업자등록 | E19: 범주 | F19: 학사시스템 · 창업지원 · 3품(창의) | G19: 기존 + SKKU 확보가능 | H19: 창의 / 도전정신 | J19: 창의·도전
A20: 16 | C20: 특허출원·SW 등록 | D20: 특허·실용신안·디자인 출원, SW 프로그램 등록 | E20: 범주 | F20: 3품(창의) 인증 · 학생 등록 | G20: SKKU 확보가능 | H20: 창의 / 도전정신 / 직무전문성 | I20: 기존 데이터셋에 없는 신규 근거 | J20: 창의·도전
A21: 17 | B21: 글로벌 | C21: 교환학생·해외경험 | D21: 교환학생, 어학연수, 해외봉사, 국제연구, 국제문화체험, 해외학습 | E21: 범주·기간 | F21: 국제처 · 3품(글로벌) | G21: 기존 + SKKU 확보가능 | H21: 글로벌(문화적 수용능력) | I21: [C] 국제연구·국제문화체험 항목 추가 | J21: 글로벌
A22: 18 | C22: 외국어 수업 이수 | D22: 국제어(외국어) 강의 이수 과목·학점 | E22: 수치 | F22: 학사시스템(수강내역) | G22: SKKU 확보가능 | H22: 글로벌(외국어 능력) | I22: 마인드맵(기업 관심-글로벌)에 있으나 기존 데이터셋에 없음 | J22: 글로벌
A23: 19 | B23: 디지털·AI | C23: AI교육 이수내역 | D23: AI 교과·비교과 교육, 생성형 AI·바이브 코딩 교육 | E23: 범주·시간 | F23: 학사시스템 · 비교과 · 3품(AI) | G23: 기존 + SKKU 확보가능 | H23: 자원·정보기술활용 / 디지털리터러시 | I23: 이수 '시간'까지 받으면 정량화 쉬워짐 | J23: 디지털·AI
A24: 20 | C24: AI 프로젝트·대회 | D24: AI 캡스톤 프로젝트, AI 대회·공모전 | E24: 범주 | F24: 학사시스템 · 3품(AI) | G24: SKKU 확보가능 | H24: 디지털리터러시(AI 활용) / 문제해결력 | I24: 공모전 항목과 중복 가산되지 않게 분리 | J24: 디지털·AI
A25: 21 | C25: 협업툴 활용경험 | D25: 노션·슬랙·깃허브·피그마 등 활용 경험 | E25: 텍스트 | F25: 학생 등록 | G25: 기존 | H25: 자원·정보기술활용 / 디지털리터러시 | I25: 자기 서술 위주 → 정성 판단 + 낮은 가중치 권장 | J25: 디지털·AI
A26: 22 | B26: 공동체·리더십 | C26: 동아리·학생회 활동 | D26: 동아리·학생회·학회 활동, 직책, 활동 기간 | E26: 범주·기간 | F26: 비교과 시스템 · 학생 등록 | G26: 기존 + SKKU 확보가능 | H26: 대인관계 / 리더십 / 커뮤니케이션 | I26: 직책(회장·부장·총무·부원) × 기간으로 정량화 | J26: 공동체·리더십
A27: 23 | C27: 봉사활동 | D27: 교내외 봉사(국내·국외), 유학생 봉사, 봉사 시간 | E27: 수치·범주 | F27: 1365 · 3품(인성) | G27: 기존 + SKKU 확보가능 | H27: 대인관계 / 리더십 / 문화적수용능력 | I27: 학년 보정(학기당 시간) 필요 | J27: 공동체·리더십
A28: 24 | C28: 멘토링·학습공동체 | D28: 튜터링·멘토링, 스터디·학습공동체 참여 | E28: 범주·기간 | F28: 교수학습센터 | G28: 추가 제안 | H28: 소통능력 / 대인관계 | I28: 교수 관심 '소통능력'의 '스터디 참여' 근거 확보 | J28: 공동체·리더십
A29: 25 | C29: 팀프로젝트 동료평가 | D29: 팀 과제 동료평가 점수·코멘트 | E29: 수치·텍스트 | F29: LMS(i-Campus) | G29: 추가 제안 | H29: 커뮤니케이션(협업) / 대인관계 / 리더십 | I29: 대인관계 역량을 '활동 여부'가 아닌 '평판'으로 측정할 수 있는 유일한 근거 | J29: 공동체·리더십
A30: 26 | B30: 자격·인증 | C30: 자격증(어학) | D30: TOEIC, TOEFL, TOEIC Speaking, OPIc, HSK, JPT, DELF 등 | E30: 수치·범주 | F30: 학생 등록(성적표) · 3품(글로벌) | G30: 기존 + SKKU 확보가능 | H30: 글로벌(언어 사용능력) | I30: 시험별 공통 척도 환산표 필요 | J30: 자격·인증
A31: 27 | C31: 자격증(기타/전공) | D31: 컴퓨터활용능력, MOS, ADSP, SQLD, 기사 등 | E31: 범주 | F31: 학생 등록 · 3품(창의-IT 활용) | G31: 기존 + SKKU 확보가능 | H31: 자원·정보기술활용 / 직무전문성 / 디지털리터러시 | I31: 자격증별 '등급·난이도' 매핑표 필요 | J31: 자격·인증
A32: 28 | C32: 전문직·공직 시험 | D32: 공개경쟁시험·5급 공채 등, 회계사·세무사·관세사 등 | E32: 범주 | F32: 3품(창의-진로개발) 인증 | G32: SKKU 확보가능 | H32: 직무전문성 / 도전정신 | I32: 단계(1차·최종) 구분 | J32: 자격·인증
A33: 29 | C33: 3품인증 취득현황 | D33: 인성품·글로벌품·창의품(AI·인턴십 영역 포함) 취득 여부 | E33: 범주 | F33: 3품인증 시스템 | G33: SKKU 확보가능 | H33: (복수 역량 종합) | I33: 하위 활동과 중복 가산 위험 → 가산점이 아닌 '참고 지표'로 권장 | J33: 자격·인증
A34: 30 | C34: 비교과 이수시간 | D34: 비교과 프로그램 누적 이수시간 (90시간 기준 등) | E34: 수치 | F34: 비교과 시스템 | G34: SKKU 확보가능 | H34: 자기관리 / 종합적사고력(융합적 사고) | I34: 학년 보정 필요 | J34: 자격·인증
A35: 31 | B35: 진단·자기평가 | C35: SSCA 학생성공역량진단 | D35: SSCA 검사 결과(역량별 자기진단 점수) | E35: 수치 | F35: 학생성공 게이트웨이 | G35: SKKU 확보가능 | H35: 전 역량(자기인식) | I35: 객관 점수에 합산하지 말고 '자기평가 vs 데이터 평가' 비교용으로 별도 표시 | J35: 진단·자기평가
A36: 32 | C36: 학습경험진단 | D36: 학습경험 설문 결과 | E36: 수치 | F36: 학생성공 게이트웨이 | G36: SKKU 확보가능 | H36: 자기관리 / 학업성취 | I36: SSCA와 동일하게 비교용 권장 | J36: 진단·자기평가
A37: 33 | C37: 활동 성찰 기록(STAR) | D37: 주요 활동별 상황·역할·행동·결과 서술 | E37: 텍스트 | F37: 학생 입력(포트폴리오) | G37: 추가 제안 | H37: 리더십 / 문제해결력 / 커뮤니케이션 등 정성 역량 | I37: 정성 루브릭이 판단할 '질적 근거'가 현재 거의 없음 → 가장 우선 확보 권장 | J37: 진단·자기평가
A38: 34 | C38: 교수 관찰 코멘트 | D38: 지도교수·수업 교수의 관찰 의견(선택) | E38: 텍스트 | F38: 교수 입력 | G38: 추가 제안 | H38: 교수 관심 역량 전반 | I38: 입력 부담 고려해 선택 항목으로 | J38: 진단·자기평가
A40: ※ 출처 시스템명(i-Campus, 학생성공 게이트웨이 등)은 공개 정보 기준이며, 실제 연동 가능 여부는 학교 담당 부서 확인이 필요합니다.

Sheet 대분류_요약
A1: 대분류별 항목 수
A3: 대분류 | B3: 항목 수 | C3: 기존 포함 | D3: SKKU 확보가능 포함 | E3: 추가 제안
A4: 학업·교과 | B4: =COUNTIF(데이터카테고리_마스터!$J$5:$J$38,A4) -> 4 | C4: =SUMPRODUCT(--(데이터카테고리_마스터!$J$5:$J$38=A4),--ISNUMBER(SEARCH("기존",데이터카테고리_마스터!$G$5:$G$38))) -> 3 | D4: =SUMPRODUCT(--(데이터카테고리_마스터!$J$5:$J$38=A4),--ISNUMBER(SEARCH("SKKU",데이터카테고리_마스터!$G$5:$G$38))) -> 3 | E4: =SUMPRODUCT(--(데이터카테고리_마스터!$J$5:$J$38=A4),--ISNUMBER(SEARCH("추가",데이터카테고리_마스터!$G$5:$G$38))) -> 0
A5: 학습행동(LMS) | B5: =COUNTIF(데이터카테고리_마스터!$J$5:$J$38,A5) -> 3 | C5: =SUMPRODUCT(--(데이터카테고리_마스터!$J$5:$J$38=A5),--ISNUMBER(SEARCH("기존",데이터카테고리_마스터!$G$5:$G$38))) -> 2 | D5: =SUMPRODUCT(--(데이터카테고리_마스터!$J$5:$J$38=A5),--ISNUMBER(SEARCH("SKKU",데이터카테고리_마스터!$G$5:$G$38))) -> 0 | E5: =SUMPRODUCT(--(데이터카테고리_마스터!$J$5:$J$38=A5),--ISNUMBER(SEARCH("추가",데이터카테고리_마스터!$G$5:$G$38))) -> 1
A6: 연구·학술 | B6: =COUNTIF(데이터카테고리_마스터!$J$5:$J$38,A6) -> 3 | C6: =SUMPRODUCT(--(데이터카테고리_마스터!$J$5:$J$38=A6),--ISNUMBER(SEARCH("기존",데이터카테고리_마스터!$G$5:$G$38))) -> 2 | D6: =SUMPRODUCT(--(데이터카테고리_마스터!$J$5:$J$38=A6),--ISNUMBER(SEARCH("SKKU",데이터카테고리_마스터!$G$5:$G$38))) -> 2 | E6: =SUMPRODUCT(--(데이터카테고리_마스터!$J$5:$J$38=A6),--ISNUMBER(SEARCH("추가",데이터카테고리_마스터!$G$5:$G$38))) -> 0
A7: 실무·진로 | B7: =COUNTIF(데이터카테고리_마스터!$J$5:$J$38,A7) -> 3 | C7: =SUMPRODUCT(--(데이터카테고리_마스터!$J$5:$J$38=A7),--ISNUMBER(SEARCH("기존",데이터카테고리_마스터!$G$5:$G$38))) -> 2 | D7: =SUMPRODUCT(--(데이터카테고리_마스터!$J$5:$J$38=A7),--ISNUMBER(SEARCH("SKKU",데이터카테고리_마스터!$G$5:$G$38))) -> 1 | E7: =SUMPRODUCT(--(데이터카테고리_마스터!$J$5:$J$38=A7),--ISNUMBER(SEARCH("추가",데이터카테고리_마스터!$G$5:$G$38))) -> 1
A8: 창의·도전 | B8: =COUNTIF(데이터카테고리_마스터!$J$5:$J$38,A8) -> 3 | C8: =SUMPRODUCT(--(데이터카테고리_마스터!$J$5:$J$38=A8),--ISNUMBER(SEARCH("기존",데이터카테고리_마스터!$G$5:$G$38))) -> 2 | D8: =SUMPRODUCT(--(데이터카테고리_마스터!$J$5:$J$38=A8),--ISNUMBER(SEARCH("SKKU",데이터카테고리_마스터!$G$5:$G$38))) -> 3 | E8: =SUMPRODUCT(--(데이터카테고리_마스터!$J$5:$J$38=A8),--ISNUMBER(SEARCH("추가",데이터카테고리_마스터!$G$5:$G$38))) -> 0
A9: 글로벌 | B9: =COUNTIF(데이터카테고리_마스터!$J$5:$J$38,A9) -> 2 | C9: =SUMPRODUCT(--(데이터카테고리_마스터!$J$5:$J$38=A9),--ISNUMBER(SEARCH("기존",데이터카테고리_마스터!$G$5:$G$38))) -> 1 | D9: =SUMPRODUCT(--(데이터카테고리_마스터!$J$5:$J$38=A9),--ISNUMBER(SEARCH("SKKU",데이터카테고리_마스터!$G$5:$G$38))) -> 2 | E9: =SUMPRODUCT(--(데이터카테고리_마스터!$J$5:$J$38=A9),--ISNUMBER(SEARCH("추가",데이터카테고리_마스터!$G$5:$G$38))) -> 0
A10: 디지털·AI | B10: =COUNTIF(데이터카테고리_마스터!$J$5:$J$38,A10) -> 3 | C10: =SUMPRODUCT(--(데이터카테고리_마스터!$J$5:$J$38=A10),--ISNUMBER(SEARCH("기존",데이터카테고리_마스터!$G$5:$G$38))) -> 2 | D10: =SUMPRODUCT(--(데이터카테고리_마스터!$J$5:$J$38=A10),--ISNUMBER(SEARCH("SKKU",데이터카테고리_마스터!$G$5:$G$38))) -> 2 | E10: =SUMPRODUCT(--(데이터카테고리_마스터!$J$5:$J$38=A10),--ISNUMBER(SEARCH("추가",데이터카테고리_마스터!$G$5:$G$38))) -> 0
A11: 공동체·리더십 | B11: =COUNTIF(데이터카테고리_마스터!$J$5:$J$38,A11) -> 4 | C11: =SUMPRODUCT(--(데이터카테고리_마스터!$J$5:$J$38=A11),--ISNUMBER(SEARCH("기존",데이터카테고리_마스터!$G$5:$G$38))) -> 2 | D11: =SUMPRODUCT(--(데이터카테고리_마스터!$J$5:$J$38=A11),--ISNUMBER(SEARCH("SKKU",데이터카테고리_마스터!$G$5:$G$38))) -> 2 | E11: =SUMPRODUCT(--(데이터카테고리_마스터!$J$5:$J$38=A11),--ISNUMBER(SEARCH("추가",데이터카테고리_마스터!$G$5:$G$38))) -> 2
A12: 자격·인증 | B12: =COUNTIF(데이터카테고리_마스터!$J$5:$J$38,A12) -> 5 | C12: =SUMPRODUCT(--(데이터카테고리_마스터!$J$5:$J$38=A12),--ISNUMBER(SEARCH("기존",데이터카테고리_마스터!$G$5:$G$38))) -> 2 | D12: =SUMPRODUCT(--(데이터카테고리_마스터!$J$5:$J$38=A12),--ISNUMBER(SEARCH("SKKU",데이터카테고리_마스터!$G$5:$G$38))) -> 5 | E12: =SUMPRODUCT(--(데이터카테고리_마스터!$J$5:$J$38=A12),--ISNUMBER(SEARCH("추가",데이터카테고리_마스터!$G$5:$G$38))) -> 0
A13: 진단·자기평가 | B13: =COUNTIF(데이터카테고리_마스터!$J$5:$J$38,A13) -> 4 | C13: =SUMPRODUCT(--(데이터카테고리_마스터!$J$5:$J$38=A13),--ISNUMBER(SEARCH("기존",데이터카테고리_마스터!$G$5:$G$38))) -> 0 | D13: =SUMPRODUCT(--(데이터카테고리_마스터!$J$5:$J$38=A13),--ISNUMBER(SEARCH("SKKU",데이터카테고리_마스터!$G$5:$G$38))) -> 2 | E13: =SUMPRODUCT(--(데이터카테고리_마스터!$J$5:$J$38=A13),--ISNUMBER(SEARCH("추가",데이터카테고리_마스터!$G$5:$G$38))) -> 2
A14: 합계 | B14: =SUM(B4:B13) -> 34 | C14: =SUM(C4:C13) -> 18 | D14: =SUM(D4:D13) -> 22 | E14: =SUM(E4:E13) -> 6
A16: ※ 숨김 열 J(대분류 라벨)를 기준으로 집계 — 마스터 시트의 B열은 병합되어 있어 별도 라벨 사용
